"Ano";"Países";"Código NCM";"Descrição NCM";"Valor US$ CIF";"Quilograma Líquido"
"2024";"Rússia";"31052000";"Adubos (fertilizantes) minerais ou químicos, que contenham os três elementos fertilizantes: nitrogênio (azoto), fósforo e potássio";"315201699";"908380175"
"2023";"Rússia";"31052000";"Adubos (fertilizantes) minerais ou químicos, que contenham os três elementos fertilizantes: nitrogênio (azoto), fósforo e potássio";"298366021";"818811882"
"2022";"Rússia";"31052000";"Adubos (fertilizantes) minerais ou químicos, que contenham os três elementos fertilizantes: nitrogênio (azoto), fósforo e potássio";"653491937";"1063793211"
"2021";"Rússia";"31052000";"Adubos (fertilizantes) minerais ou químicos, que contenham os três elementos fertilizantes: nitrogênio (azoto), fósforo e potássio";"392200098";"967041920"
"2020";"Rússia";"31052000";"Adubos (fertilizantes) minerais ou químicos, que contenham os três elementos fertilizantes: nitrogênio (azoto), fósforo e potássio";"199293054";"751533315"
"2019";"Rússia";"31052000";"Adubos (fertilizantes) minerais ou químicos, que contenham os três elementos fertilizantes: nitrogênio (azoto), fósforo e potássio";"299221245";"954285902"
"2018";"Rússia";"31052000";"Adubos (fertilizantes) minerais ou químicos, que contenham os três elementos fertilizantes: nitrogênio (azoto), fósforo e potássio";"216689567";"703846053"
"2017";"Rússia";"31052000";"Adubos (fertilizantes) minerais ou químicos, que contenham os três elementos fertilizantes: nitrogênio (azoto), fósforo e potássio";"145440251";"539456821"
"2016";"Rússia";"31052000";"Adubos (fertilizantes) minerais ou químicos, que contenham os três elementos fertilizantes: nitrogênio (azoto), fósforo e potássio";"99678111";"349767312"
"2015";"Rússia";"31052000";"Adubos (fertilizantes) minerais ou químicos, que contenham os três elementos fertilizantes: nitrogênio (azoto), fósforo e potássio";"64106891";"179924025"
"2014";"Rússia";"31052000";"Adubos (fertilizantes) minerais ou químicos, que contenham os três elementos fertilizantes: nitrogênio (azoto), fósforo e potássio";"96913963";"258796534"
"2013";"Rússia";"31052000";"Adubos (fertilizantes) minerais ou químicos, que contenham os três elementos fertilizantes: nitrogênio (azoto), fósforo e potássio";"50632301";"120235564"
"2012";"Rússia";"31052000";"Adubos (fertilizantes) minerais ou químicos, que contenham os três elementos fertilizantes: nitrogênio (azoto), fósforo e potássio";"93072327";"175499527"
"2011";"Rússia";"31052000";"Adubos (fertilizantes) minerais ou químicos, que contenham os três elementos fertilizantes: nitrogênio (azoto), fósforo e potássio";"121519944";"252475141"
"2010";"Rússia";"31052000";"Adubos (fertilizantes) minerais ou químicos, que contenham os três elementos fertilizantes: nitrogênio (azoto), fósforo e potássio";"21240662";"56343697"
"2009";"Rússia";"31052000";"Adubos (fertilizantes) minerais ou químicos, que contenham os três elementos fertilizantes: nitrogênio (azoto), fósforo e potássio";"30554147";"83871394"
"2008";"Rússia";"31052000";"Adubos (fertilizantes) minerais ou químicos, que contenham os três elementos fertilizantes: nitrogênio (azoto), fósforo e potássio";"79517444";"170928152"
"2007";"Rússia";"31052000";"Adubos (fertilizantes) minerais ou químicos, que contenham os três elementos fertilizantes: nitrogênio (azoto), fósforo e potássio";"18713374";"62737025"
"2006";"Rússia";"31052000";"Adubos (fertilizantes) minerais ou químicos, que contenham os três elementos fertilizantes: nitrogênio (azoto), fósforo e potássio";"6333156";"29026300"
"2004";"Rússia";"31052000";"Adubos (fertilizantes) minerais ou químicos, que contenham os três elementos fertilizantes: nitrogênio (azoto), fósforo e potássio";"1915755";"10198118"